Nº,Título
https://g1.globo.com/,Tarifaço de Trump: veja quais taxas foram bloqueadas pela Justiça dos EUA
https://g1.globo.com/,Justiça anula julgamento de médicos acusados pela morte de Maradona
https://g1.globo.com/,STF marca para quarta-feira julgamento que pode regular big techs
https://g1.globo.com/,Poze do Rodo: veja letras do MC que a polícia entende como apologia
https://g1.globo.com/,Carro de mais de R$ 1 milhão de Poze do Rodo foi levado pela polícia
https://g1.globo.com/,"Poze do Rodo preso, neve no Sul do Brasil e mais vídeos do dia"
https://g1.globo.com/,Alckmin faz exames em hospital após enjoo e dores abdominais
https://g1.globo.com/,Polícia encontra husky na casa de criminoso e investiga se ele foi roubado
https://www.uol.com.br/,UOL - Seu universo online
https://www.uol.com.br/,EXCLUSIVO
https://www.uol.com.br/,PODCAST UOL PRIME
https://www.uol.com.br/,ROLAND GARROS
https://www.uol.com.br/,AO VIVO
https://www.uol.com.br/,MONITOR DE OFERTAS
https://www.uol.com.br/,EXCLUSIVO
https://www.uol.com.br/,BRASIL DOS PRIVILÉGIOS
https://www.uol.com.br/,nº 6741
https://www.uol.com.br/,Ingresso.com
https://www.uol.com.br/,Colunistas
https://www.uol.com.br/,Mais lidas
https://www.uol.com.br/,Escolha seu time
https://www.uol.com.br/,Esporte
https://www.uol.com.br/,Notícias
https://www.uol.com.br/,Host
https://www.uol.com.br/,Play
https://www.uol.com.br/,MODERNINHA PLUS 2
https://www.uol.com.br/,Passei Direto
https://www.uol.com.br/,PUCRS Online
https://www.uol.com.br/,Faap Online
https://www.uol.com.br/,Carros
https://www.uol.com.br/,SEM FRESCURA
